Value (100s),avg_time_v6,std_time_v6,avg_time_vf,std_time_vf
100,1.1259813333333335,0.46058982140765264,67.045902,
1000,4.113591333333333,1.2989828408506148,65.109565,
10000,32.81323,9.417405253873648,85.26802,
100000,315.51357666666667,85.13137504380317,,
1000000,,,109.394893,
